[
  {
    "requestNumber": "WP-68-1011897",
    "englishName": "MRS.AYE SANDRA HTWE",
    "profileImage": "https://s6.imgcdn.dev/Y4u3dD.png",
    "thaiName": "นาง เอ ซานดรา ตเว",
    "age": "47",
    "alienReferenceNumber": "2492102076039",
    "personalID": "6682190040778",
    "nationality": "เมียนมา",
    "workPermitNumber": "2100689040199",
    "birthDate": "25/02/1978",
    "เลขที่บนขวาใบเสร็จ": "2100680035190",
    "หมายเลขชำระเงิน": "IV680329/002308"
  },
  {
    "requestNumber": "WP-68-1011898",
    "englishName": "MR.HTOO NAING",
    "profileImage": "https://s6.imgcdn.dev/Y4ud1T.png",
    "thaiName": "นาย ตู ไนง",
    "age": "36",
    "alienReferenceNumber": "2492102076040",
    "personalID": "6682190040779",
    "nationality": "เมียนมา",
    "workPermitNumber": "2100689040200",
    "birthDate": "16/09/1988",
    "เลขที่บนขวาใบเสร็จ": "2100680035191",
    "หมายเลขชำระเงิน": "IV680329/002309"
  },
  {
    "requestNumber": "WP-68-1011899",
    "englishName": "MR.MYINT THAN",
    "profileImage": "https://s6.imgcdn.dev/Y4ubh9.png",
    "thaiName": "นาย มยิน ธาน",
    "age": "22",
    "alienReferenceNumber": "2492102076041",
    "personalID": "6682190040780",
    "nationality": "เมียนมา",
    "workPermitNumber": "2100689040201",
    "birthDate": "30/08/2002",
    "เลขที่บนขวาใบเสร็จ": "2100680035192",
    "หมายเลขชำระเงิน": "IV680329/002310"
  },
  {
    "requestNumber": "WP-68-1011900",
    "englishName": "MR.ZAW HEIN",
    "profileImage": "https://s6.imgcdn.dev/Y4uePy.png",
    "thaiName": "นาย ซอ เฮน",
    "age": "20",
    "alienReferenceNumber": "2492102076042",
    "personalID": "6682190040781",
    "nationality": "เมียนมา",
    "workPermitNumber": "2100689040202",
    "birthDate": "30/11/2004",
    "เลขที่บนขวาใบเสร็จ": "2100680035193",
    "หมายเลขชำระเงิน": "IV680329/002311"
  },
  {
    "requestNumber": "WP-68-1011901",
    "englishName": "MR.AYE KHANG HTOO",
    "profileImage": "https://s6.imgcdn.dev/Y4umZ8.png",
    "thaiName": "นาย เอ คัง ตู",
    "age": "33",
    "alienReferenceNumber": "2492102076043",
    "personalID": "6682190040782",
    "nationality": "เมียนมา",
    "workPermitNumber": "2100689040203",
    "birthDate": "16/10/1991",
    "เลขที่บนขวาใบเสร็จ": "2100680035194",
    "หมายเลขชำระเงิน": "IV680329/002312"
  },
  {
    "requestNumber": "WP-68-1011902",
    "englishName": "MR.KAI KO",
    "profileImage": "https://s6.imgcdn.dev/Y4uq82.png",
    "thaiName": "นาย ไค โก",
    "age": "32",
    "alienReferenceNumber": "2492102076044",
    "personalID": "6682190040783",
    "nationality": "เมียนมา",
    "workPermitNumber": "2100689040204",
    "birthDate": "21/09/1992",
    "เลขที่บนขวาใบเสร็จ": "2100680035195",
    "หมายเลขชำระเงิน": "IV680329/002313"
  },
  {
    "requestNumber": "WP-68-1011903",
    "englishName": "MR.NAING WIN TUN",
    "profileImage": "https://s6.imgcdn.dev/Y4uHki.png",
    "thaiName": "นาย ไนง วิน ตุน",
    "age": "22",
    "alienReferenceNumber": "2492102076045",
    "personalID": "6682190040784",
    "nationality": "เมียนมา",
    "workPermitNumber": "2100689040205",
    "birthDate": "24/4/2003",
    "เลขที่บนขวาใบเสร็จ": "2100680035196",
    "หมายเลขชำระเงิน": "IV680329/002314"
  },
  {
    "requestNumber": "WP-68-1011904",
    "englishName": "MR.SOE KO AUNG",
    "profileImage": "https://s6.imgcdn.dev/Y4uXrH.png",
    "thaiName": "นาย โซ โก อ่อง",
    "age": "22",
    "alienReferenceNumber": "2492102076046",
    "personalID": "6682190040785",
    "nationality": "เมียนมา",
    "workPermitNumber": "2100689040206",
    "birthDate": "16/08/2002",
    "เลขที่บนขวาใบเสร็จ": "2100680035197",
    "หมายเลขชำระเงิน": "IV680329/002315"
  },
  {
    "requestNumber": "WP-68-1011905",
    "englishName": "MR.ZIN MIN KHANT",
    "profileImage": "https://s6.imgcdn.dev/Y4ugqS.png",
    "thaiName": "นาย ซิน มิน คันต์",
    "age": "22",
    "alienReferenceNumber": "2492102076047",
    "personalID": "6682190040786",
    "nationality": "เมียนมา",
    "workPermitNumber": "2100689040207",
    "birthDate": "6/5/2003",
    "เลขที่บนขวาใบเสร็จ": "2100680035198",
    "หมายเลขชำระเงิน": "IV680329/002316"
  },
  {
    "requestNumber": "WP-68-1011906",
    "englishName": "MR.KHIN MAUNG MYINT",
    "profileImage": "https://s6.imgcdn.dev/Y4u84C.png",
    "thaiName": "นาย คิน เมาง มยิน",
    "age": "46",
    "alienReferenceNumber": "2492102076048",
    "personalID": "6682190040787",
    "nationality": "เมียนมา",
    "workPermitNumber": "2100689040208",
    "birthDate": "04/11/1978",
    "เลขที่บนขวาใบเสร็จ": "2100680035199",
    "หมายเลขชำระเงิน": "IV680329/002317"
  },
  {
    "requestNumber": "WP-68-1011907",
    "englishName": "MR.THAN HTIKE",
    "profileImage": "https://s6.imgcdn.dev/Y4uJ1e.png",
    "thaiName": "นาย ธาน ติเก",
    "age": "46",
    "alienReferenceNumber": "2492102076049",
    "personalID": "6682190040788",
    "nationality": "เมียนมา",
    "workPermitNumber": "2100689040209",
    "birthDate": "05/09/1978",
    "เลขที่บนขวาใบเสร็จ": "2100680035200",
    "หมายเลขชำระเงิน": "IV680329/002318"
  },
  {
    "requestNumber": "WP-68-1011908",
    "englishName": "MR.NAING HTOO",
    "profileImage": "https://s6.imgcdn.dev/Y4uod0.png",
    "thaiName": "นาย ไนง ตู",
    "age": "37",
    "alienReferenceNumber": "2492102076050",
    "personalID": "6682190040789",
    "nationality": "เมียนมา",
    "workPermitNumber": "2100689040210",
    "birthDate": "23/01/1988",
    "เลขที่บนขวาใบเสร็จ": "2100680035201",
    "หมายเลขชำระเงิน": "IV680329/002319"
  },
  {
    "requestNumber": "WP-68-1011909",
    "englishName": "MR.AUNG AUNG WIN",
    "profileImage": "https://s6.imgcdn.dev/Y44YPd.png",
    "thaiName": "นาย อ่อง อ่อง วิน",
    "age": "38",
    "alienReferenceNumber": "2492102076051",
    "personalID": "6682190040790",
    "nationality": "เมียนมา",
    "workPermitNumber": "2100689040211",
    "birthDate": "18/03/1987",
    "เลขที่บนขวาใบเสร็จ": "2100680035202",
    "หมายเลขชำระเงิน": "IV680329/002320"
  },
  {
    "requestNumber": "WP-68-1011910",
    "englishName": "MR.KYAW SWE WIN",
    "profileImage": "https://s6.imgcdn.dev/Y44DjM.png",
    "thaiName": "นาย จอ สเว วิน",
    "age": "21",
    "alienReferenceNumber": "2492102076052",
    "personalID": "6682190040791",
    "nationality": "เมียนมา",
    "workPermitNumber": "2100689040212",
    "birthDate": "10/08/2003",
    "เลขที่บนขวาใบเสร็จ": "2100680035203",
    "หมายเลขชำระเงิน": "IV680329/002321"
  },
  {
    "requestNumber": "WP-68-1011911",
    "englishName": "MR.TIN ZAW HLAING",
    "profileImage": "https://s6.imgcdn.dev/Y44h9l.png",
    "thaiName": "นาย ติน ซอ หลาง",
    "age": "25",
    "alienReferenceNumber": "2492102076053",
    "personalID": "6682190040792",
    "nationality": "เมียนมา",
    "workPermitNumber": "2100689040213",
    "birthDate": "14/03/2000",
    "เลขที่บนขวาใบเสร็จ": "2100680035204",
    "หมายเลขชำระเงิน": "IV680329/002322"
  },
  {
    "requestNumber": "WP-68-1011912",
    "englishName": "MR.PYO WAI",
    "profileImage": "https://s6.imgcdn.dev/Y44jJh.png",
    "thaiName": "นาย ปโย ไว",
    "age": "24",
    "alienReferenceNumber": "2492102076054",
    "personalID": "6682190040793",
    "nationality": "เมียนมา",
    "workPermitNumber": "2100689040214",
    "birthDate": "14/12/2000",
    "เลขที่บนขวาใบเสร็จ": "2100680035205",
    "หมายเลขชำระเงิน": "IV680329/002323"
  },
  {
    "requestNumber": "WP-68-1011913",
    "englishName": "MR.MIN THEIN",
    "profileImage": "https://s6.imgcdn.dev/Y446kV.png",
    "thaiName": "นาย มิน เทน",
    "age": "23",
    "alienReferenceNumber": "2492102076055",
    "personalID": "6682190040794",
    "nationality": "เมียนมา",
    "workPermitNumber": "2100689040215",
    "birthDate": "02/11/2001",
    "เลขที่บนขวาใบเสร็จ": "2100680035206",
    "หมายเลขชำระเงิน": "IV680329/002324"
  },
  {
    "requestNumber": "WP-68-1011914",
    "englishName": "MR.AUNG MYO HTOO",
    "profileImage": "https://s6.imgcdn.dev/Y44MvK.png",
    "thaiName": "นาย อ่อง มโย ตู",
    "age": "24",
    "alienReferenceNumber": "2492102076056",
    "personalID": "6682190040795",
    "nationality": "เมียนมา",
    "workPermitNumber": "2100689040216",
    "birthDate": "15/10/2000",
    "เลขที่บนขวาใบเสร็จ": "2100680035207",
    "หมายเลขชำระเงิน": "IV680329/002325"
  },
  {
    "requestNumber": "WP-68-1011915",
    "englishName": "MR.THU YA SOE",
    "profileImage": "https://s6.imgcdn.dev/Y44cqo.png",
    "thaiName": "นาย ทู ยา โซ",
    "age": "23",
    "alienReferenceNumber": "2492102076057",
    "personalID": "6682190040796",
    "nationality": "เมียนมา",
    "workPermitNumber": "2100689040217",
    "birthDate": "22/09/2001",
    "เลขที่บนขวาใบเสร็จ": "2100680035208",
    "หมายเลขชำระเงิน": "IV680329/002326"
  },
  {
    "requestNumber": "WP-68-1011916",
    "englishName": "MR.NAY LIN TUN",
    "profileImage": "https://s6.imgcdn.dev/Y4444O.png",
    "thaiName": "นาย เน ลิน ตุน",
    "age": "24",
    "alienReferenceNumber": "2492102076058",
    "personalID": "6682190040797",
    "nationality": "เมียนมา",
    "workPermitNumber": "2100689040218",
    "birthDate": "11/05/2001",
    "เลขที่บนขวาใบเสร็จ": "2100680035209",
    "หมายเลขชำระเงิน": "IV680329/002327"
  },
  {
    "requestNumber": "WP-68-1011917",
    "englishName": "MR.KHAW NAING WIN",
    "profileImage": "https://s6.imgcdn.dev/Y44C0n.png",
    "thaiName": "นาย คอ ไนง วิน",
    "age": "26",
    "alienReferenceNumber": "2492102076059",
    "personalID": "6682190040798",
    "nationality": "เมียนมา",
    "workPermitNumber": "2100689040219",
    "birthDate": "13/02/1999",
    "เลขที่บนขวาใบเสร็จ": "2100680035210",
    "หมายเลขชำระเงิน": "IV680329/002328"
  },
  {
    "requestNumber": "WP-68-1011918",
    "englishName": "MRS.YAR SU KHAING",
    "profileImage": "https://s6.imgcdn.dev/Y44Idg.png",
    "thaiName": "นาง ยา สุ ไค",
    "age": "31",
    "alienReferenceNumber": "2492102076060",
    "personalID": "6682190040799",
    "nationality": "เมียนมา",
    "workPermitNumber": "2100689040220",
    "birthDate": "04/03/1994",
    "เลขที่บนขวาใบเสร็จ": "2100680035211",
    "หมายเลขชำระเงิน": "IV680329/002329"
  },
  {
    "requestNumber": "WP-68-1011919",
    "englishName": "MR.KUNG ZAW OO",
    "profileImage": "https://s6.imgcdn.dev/Y44Qjv.png",
    "thaiName": "นาย กุง ซอ อู",
    "age": "37",
    "alienReferenceNumber": "2492102076061",
    "personalID": "6682190040800",
    "nationality": "เมียนมา",
    "workPermitNumber": "2100689040221",
    "birthDate": "11/05/1988",
    "เลขที่บนขวาใบเสร็จ": "2100680035212",
    "หมายเลขชำระเงิน": "IV680329/002330"
  },
  {
    "requestNumber": "WP-68-1011920",
    "englishName": "MR.MYO THET TUN",
    "profileImage": "https://s6.imgcdn.dev/Y44iTN.png",
    "thaiName": "นาย มโย เทต ตุน",
    "age": "36",
    "alienReferenceNumber": "2492102076062",
    "personalID": "6682190040801",
    "nationality": "เมียนมา",
    "workPermitNumber": "2100689040222",
    "birthDate": "13/08/1988",
    "เลขที่บนขวาใบเสร็จ": "2100680035213",
    "หมายเลขชำระเงิน": "IV680329/002331"
  },
  {
    "requestNumber": "WP-68-1011921",
    "englishName": "MRS.THET THET KHAING",
    "profileImage": "https://s6.imgcdn.dev/Y44k9q.png",
    "thaiName": "นาง เทต เทต ไค",
    "age": "31",
    "alienReferenceNumber": "2492102076063",
    "personalID": "6682190040802",
    "nationality": "เมียนมา",
    "workPermitNumber": "2100689040223",
    "birthDate": "03/05/1994",
    "เลขที่บนขวาใบเสร็จ": "2100680035214",
    "หมายเลขชำระเงิน": "IV680329/002332"
  },
  {
    "requestNumber": "WP-68-1011922",
    "englishName": "MR.MG LWIN",
    "profileImage": "https://s6.imgcdn.dev/Y44nJB.png",
    "thaiName": "นาย มก ลวิน",
    "age": "31",
    "alienReferenceNumber": "2492102076064",
    "personalID": "6682190040803",
    "nationality": "เมียนมา",
    "workPermitNumber": "2100689040224",
    "birthDate": "15/07/1994",
    "เลขที่บนขวาใบเสร็จ": "2100680035215",
    "หมายเลขชำระเงิน": "IV680329/002333"
  },
  {
    "requestNumber": "WP-68-1011923",
    "englishName": "MR.AUNG MYO HTET",
    "profileImage": "https://s6.imgcdn.dev/Y44ynu.png",
    "thaiName": "นาย อ่อง มโย เทต",
    "age": "27",
    "alienReferenceNumber": "2492102076065",
    "personalID": "6682190040804",
    "nationality": "เมียนมา",
    "workPermitNumber": "2100689040225",
    "birthDate": "31/08/1997",
    "เลขที่บนขวาใบเสร็จ": "2100680035216",
    "หมายเลขชำระเงิน": "IV680329/002334"
  },
  {
    "requestNumber": "WP-68-1011924",
    "englishName": "MRS.KHAING ZIN WIN",
    "profileImage": "https://s6.imgcdn.dev/Y445vL.png",
    "thaiName": "นาง ไค ซิน วิน",
    "age": "26",
    "alienReferenceNumber": "2492102076066",
    "personalID": "6682190040805",
    "nationality": "เมียนมา",
    "workPermitNumber": "2100689040226",
    "birthDate": "10/05/1999",
    "เลขที่บนขวาใบเสร็จ": "2100680035217",
    "หมายเลขชำระเงิน": "IV680329/002335"
  },
  {
    "requestNumber": "WP-68-1011925",
    "englishName": "MR.AUNG KO LIN",
    "profileImage": "https://s6.imgcdn.dev/Y44KFa.png",
    "thaiName": "นาย อ่อง โก ลิน",
    "age": "27",
    "alienReferenceNumber": "2492102076067",
    "personalID": "6682190040806",
    "nationality": "เมียนมา",
    "workPermitNumber": "2100689040227",
    "birthDate": "11/07/1998",
    "เลขที่บนขวาใบเสร็จ": "2100680035218",
    "หมายเลขชำระเงิน": "IV680329/002336"
  },
  {
    "requestNumber": "WP-68-1011926",
    "englishName": "MR.ZAW LIN",
    "profileImage": "https://s6.imgcdn.dev/Y44TCw.png",
    "thaiName": "นาย ซอ ลิน",
    "age": "47",
    "alienReferenceNumber": "2492102076068",
    "personalID": "6682190040807",
    "nationality": "เมียนมา",
    "workPermitNumber": "2100689040228",
    "birthDate": "06/06/1978",
    "เลขที่บนขวาใบเสร็จ": "2100680035219",
    "หมายเลขชำระเงิน": "IV680329/002337"
  },
  {
    "requestNumber": "WP-68-1011927",
    "englishName": "MR.AUNG MYINT THEIN",
    "profileImage": "https://s6.imgcdn.dev/Y44U0t.png",
    "thaiName": "นาย อ่อง มยิน เทน",
    "age": "39",
    "alienReferenceNumber": "2492102076069",
    "personalID": "6682190040808",
    "nationality": "เมียนมา",
    "workPermitNumber": "2100689040229",
    "birthDate": "26/1/1986",
    "เลขที่บนขวาใบเสร็จ": "2100680035220",
    "หมายเลขชำระเงิน": "IV680329/002338"
  },
  {
    "requestNumber": "WP-68-1011928",
    "englishName": "MR.MAUNG HTAY",
    "profileImage": "https://s6.imgcdn.dev/Y44l3T.png",
    "thaiName": "นาย เมาง เต",
    "age": "48",
    "alienReferenceNumber": "2492102076070",
    "personalID": "6682190040809",
    "nationality": "เมียนมา",
    "workPermitNumber": "2100689040230",
    "birthDate": "13/12/1976",
    "เลขที่บนขวาใบเสร็จ": "2100680035221",
    "หมายเลขชำระเงิน": "IV680329/002339"
  },
  {
    "requestNumber": "WP-68-1011929",
    "englishName": "MR.MYO WAI LIN",
    "profileImage": "https://s6.imgcdn.dev/Y441T9.png",
    "thaiName": "นาย มโย ไว ลิน",
    "age": "42",
    "alienReferenceNumber": "2492102076071",
    "personalID": "6682190040810",
    "nationality": "เมียนมา",
    "workPermitNumber": "2100689040231",
    "birthDate": "06/10/1982",
    "เลขที่บนขวาใบเสร็จ": "2100680035222",
    "หมายเลขชำระเงิน": "IV680329/002340"
  },
  {
    "requestNumber": "WP-68-1011930",
    "englishName": "MR.KYAW NAING OO",
    "profileImage": "https://s6.imgcdn.dev/Y44awD.png",
    "thaiName": "นาย จอ ไนง อู",
    "age": "29",
    "alienReferenceNumber": "2492102076072",
    "personalID": "6682190040811",
    "nationality": "เมียนมา",
    "workPermitNumber": "2100689040232",
    "birthDate": "27/05/1996",
    "เลขที่บนขวาใบเสร็จ": "2100680035223",
    "หมายเลขชำระเงิน": "IV680329/002341"
  },
  {
    "requestNumber": "WP-68-1011931",
    "englishName": "MR.ZIN KO MYINT",
    "profileImage": "https://s6.imgcdn.dev/Y440Ry.png",
    "thaiName": "นาย ซิน โก มยิน",
    "age": "31",
    "alienReferenceNumber": "2492102076073",
    "personalID": "6682190040812",
    "nationality": "เมียนมา",
    "workPermitNumber": "2100689040233",
    "birthDate": "7/11/1993",
    "เลขที่บนขวาใบเสร็จ": "2100680035224",
    "หมายเลขชำระเงิน": "IV680329/002342"
  },
  {
    "requestNumber": "WP-68-1011932",
    "englishName": "MR.SAN MYINT AUNG",
    "profileImage": "https://s6.imgcdn.dev/Y447J8.png",
    "thaiName": "นาย ซาน มยิน อ่อง",
    "age": "44",
    "alienReferenceNumber": "2492102076074",
    "personalID": "6682190040813",
    "nationality": "เมียนมา",
    "workPermitNumber": "2100689040234",
    "birthDate": "01/06/1981",
    "เลขที่บนขวาใบเสร็จ": "2100680035225",
    "หมายเลขชำระเงิน": "IV680329/002343"
  },
  {
    "requestNumber": "WP-68-1011933",
    "englishName": "MR.MYINT HTWAE",
    "profileImage": "https://s6.imgcdn.dev/Y44Gn2.png",
    "thaiName": "นาย มยิน เตว",
    "age": "41",
    "alienReferenceNumber": "2492102076075",
    "personalID": "6682190040814",
    "nationality": "เมียนมา",
    "workPermitNumber": "2100689040235",
    "birthDate": "30/05/1984",
    "เลขที่บนขวาใบเสร็จ": "2100680035226",
    "หมายเลขชำระเงิน": "IV680329/002344"
  },
  {
    "requestNumber": "WP-68-1011934",
    "englishName": "MRS.YIN YIN CHO",
    "profileImage": "https://s6.imgcdn.dev/Y44Sxi.png",
    "thaiName": "นาง ยิน ยิน โช",
    "age": "39",
    "alienReferenceNumber": "2492102076076",
    "personalID": "6682190040815",
    "nationality": "เมียนมา",
    "workPermitNumber": "2100689040236",
    "birthDate": "18/05/1986",
    "เลขที่บนขวาใบเสร็จ": "2100680035227",
    "หมายเลขชำระเงิน": "IV680329/002345"
  },
  {
    "requestNumber": "WP-68-1011935",
    "englishName": "MRS.AYE SAN WIN",
    "profileImage": "https://s6.imgcdn.dev/Y44rFH.png",
    "thaiName": "นาง เอ ซาน วิน",
    "age": "37",
    "alienReferenceNumber": "2492102076077",
    "personalID": "6682190040816",
    "nationality": "เมียนมา",
    "workPermitNumber": "2100689040237",
    "birthDate": "23/08/1987",
    "เลขที่บนขวาใบเสร็จ": "2100680035228",
    "หมายเลขชำระเงิน": "IV680329/002346"
  },
  {
    "requestNumber": "WP-68-1011936",
    "englishName": "MRS.LIN SAW THU",
    "profileImage": "https://s6.imgcdn.dev/Y44xCS.png",
    "thaiName": "นาง ลิน ซอ ทู",
    "age": "30",
    "alienReferenceNumber": "2492102076078",
    "personalID": "6682190040817",
    "nationality": "เมียนมา",
    "workPermitNumber": "2100689040238",
    "birthDate": "19/01/1995",
    "เลขที่บนขวาใบเสร็จ": "2100680035229",
    "หมายเลขชำระเงิน": "IV680329/002347"
  },
  {
    "requestNumber": "WP-68-1011937",
    "englishName": "MRS.ORN MA SOE",
    "profileImage": "https://s6.imgcdn.dev/Y4427C.png",
    "thaiName": "นาง ออน มา โซ",
    "age": "34",
    "alienReferenceNumber": "2492102076079",
    "personalID": "6682190040818",
    "nationality": "เมียนมา",
    "workPermitNumber": "2100689040239",
    "birthDate": "17/08/1990",
    "เลขที่บนขวาใบเสร็จ": "2100680035230",
    "หมายเลขชำระเงิน": "IV680329/002348"
  },
  {
    "requestNumber": "WP-68-1011938",
    "englishName": "MRS.POYNE PYONE OO",
    "profileImage": "https://s6.imgcdn.dev/Y44A3e.png",
    "thaiName": "นาง ปอยน์ ปโยน อู",
    "age": "30",
    "alienReferenceNumber": "2492102076080",
    "personalID": "6682190040819",
    "nationality": "เมียนมา",
    "workPermitNumber": "2100689040240",
    "birthDate": "12/01/1995",
    "เลขที่บนขวาใบเสร็จ": "2100680035231",
    "หมายเลขชำระเงิน": "IV680329/002349"
  },
  {
    "requestNumber": "WP-68-1011939",
    "englishName": "MRS.EI EI PHYO",
    "profileImage": "https://s6.imgcdn.dev/Y449UM.png",
    "thaiName": "นาง เอ เอ โพ",
    "age": "24",
    "alienReferenceNumber": "2492102076081",
    "personalID": "6682190040820",
    "nationality": "เมียนมา",
    "workPermitNumber": "2100689040241",
    "birthDate": "16/03/2001",
    "เลขที่บนขวาใบเสร็จ": "2100680035232",
    "หมายเลขชำระเงิน": "IV680329/002350"
  },
  {
    "requestNumber": "WP-68-1011940",
    "englishName": "MRS.WEI EI HLANG",
    "profileImage": "https://s6.imgcdn.dev/Y44Zw0.png",
    "thaiName": "นาง เว เอ หลาง",
    "age": "27",
    "alienReferenceNumber": "2492102076082",
    "personalID": "6682190040821",
    "nationality": "เมียนมา",
    "workPermitNumber": "2100689040242",
    "birthDate": "11/04/1998",
    "เลขที่บนขวาใบเสร็จ": "2100680035233",
    "หมายเลขชำระเงิน": "IV680329/002351"
  },
  {
    "requestNumber": "WP-68-1011941",
    "englishName": "MRS.LIN MYINT TAO",
    "profileImage": "https://s6.imgcdn.dev/Y44Vol.png",
    "thaiName": "นาง ลิน มยิน เต",
    "age": "23",
    "alienReferenceNumber": "2492102076083",
    "personalID": "6682190040822",
    "nationality": "เมียนมา",
    "workPermitNumber": "2100689040243",
    "birthDate": "19/02/2002",
    "เลขที่บนขวาใบเสร็จ": "2100680035234",
    "หมายเลขชำระเงิน": "IV680329/002352"
  },
  {
    "requestNumber": "WP-68-1011942",
    "englishName": "MR.THIN ZAW HLAING",
    "profileImage": "https://s6.imgcdn.dev/Y44RRd.png",
    "thaiName": "นาย ทิน ซอ หลาง",
    "age": "39",
    "alienReferenceNumber": "2492102076084",
    "personalID": "6682190040823",
    "nationality": "เมียนมา",
    "workPermitNumber": "2100689040244",
    "birthDate": "09/01/1986",
    "เลขที่บนขวาใบเสร็จ": "2100680035235",
    "หมายเลขชำระเงิน": "IV680329/002353"
  },
  {
    "requestNumber": "WP-68-1011943",
    "englishName": "MR.AUNG MYO WIN",
    "profileImage": "https://s6.imgcdn.dev/Y44tsh.png",
    "thaiName": "นาย อ่อง มโย วิน",
    "age": "42",
    "alienReferenceNumber": "2492102076085",
    "personalID": "6682190040824",
    "nationality": "เมียนมา",
    "workPermitNumber": "2100689040245",
    "birthDate": "15/03/1983",
    "เลขที่บนขวาใบเสร็จ": "2100680035236",
    "หมายเลขชำระเงิน": "IV680329/002354"
  },
  {
    "requestNumber": "WP-68-1011944",
    "englishName": "MR.NAY LIN TUN",
    "profileImage": "https://s6.imgcdn.dev/Y44WxV.png",
    "thaiName": "นาย เน ลิน ตุน",
    "age": "26",
    "alienReferenceNumber": "2492102076086",
    "personalID": "6682190040825",
    "nationality": "เมียนมา",
    "workPermitNumber": "2100689040246",
    "birthDate": "11/03/1999",
    "เลขที่บนขวาใบเสร็จ": "2100680035237",
    "หมายเลขชำระเงิน": "IV680329/002355"
  },
  {
    "requestNumber": "WP-68-1011945",
    "englishName": "MR.THET ZAW OO",
    "profileImage": "https://s6.imgcdn.dev/Y44LCo.png",
    "thaiName": "นาย เทต ซอ อู",
    "age": "22",
    "alienReferenceNumber": "2492102076087",
    "personalID": "6682190040826",
    "nationality": "เมียนมา",
    "workPermitNumber": "2100689040247",
    "birthDate": "10/08/2002",
    "เลขที่บนขวาใบเสร็จ": "2100680035238",
    "หมายเลขชำระเงิน": "IV680329/002356"
  },
  {
    "requestNumber": "WP-68-1011946",
    "englishName": "MR.AUNG MYINT HTOO",
    "profileImage": "https://s6.imgcdn.dev/Y44dHK.png",
    "thaiName": "นาย อ่อง มยิน ตู",
    "age": "24",
    "alienReferenceNumber": "2492102076088",
    "personalID": "6682190040827",
    "nationality": "เมียนมา",
    "workPermitNumber": "2100689040248",
    "birthDate": "31/10/2000",
    "เลขที่บนขวาใบเสร็จ": "2100680035239",
    "หมายเลขชำระเงิน": "IV680329/002357"
  },
  {
    "requestNumber": "WP-68-1011947",
    "englishName": "MR.NAY WIN TUN",
    "profileImage": "https://s6.imgcdn.dev/Y44b7O.png",
    "thaiName": "นาย เน วิน ตุน",
    "age": "21",
    "alienReferenceNumber": "2492102076089",
    "personalID": "6682190040828",
    "nationality": "เมียนมา",
    "workPermitNumber": "2100689040249",
    "birthDate": "11/07/2004",
    "เลขที่บนขวาใบเสร็จ": "2100680035240",
    "หมายเลขชำระเงิน": "IV680329/002358"
  },
  {
    "requestNumber": "WP-68-1011948",
    "englishName": "MR.HEIN MIN ZAW",
    "profileImage": "https://s6.imgcdn.dev/Y44eLn.png",
    "thaiName": "นาย เฮน มิน ซอ",
    "age": "23",
    "alienReferenceNumber": "2492102076090",
    "personalID": "6682190040829",
    "nationality": "เมียนมา",
    "workPermitNumber": "2100689040250",
    "birthDate": "16/09/2001",
    "เลขที่บนขวาใบเสร็จ": "2100680035241",
    "หมายเลขชำระเงิน": "IV680329/002359"
  },
  {
    "requestNumber": "WP-68-1011949",
    "englishName": "MR.ZAW MYO WIN",
    "profileImage": "https://s6.imgcdn.dev/Y44qwg.png",
    "thaiName": "นาย ซอ มโย วิน",
    "age": "29",
    "alienReferenceNumber": "2492102076091",
    "personalID": "6682190040830",
    "nationality": "เมียนมา",
    "workPermitNumber": "2100689040251",
    "birthDate": "28/04/1996",
    "เลขที่บนขวาใบเสร็จ": "2100680035242",
    "หมายเลขชำระเงิน": "IV680329/002360"
  },
  {
    "requestNumber": "WP-68-1011950",
    "englishName": "MR.SOE AUNG KO",
    "profileImage": "https://s6.imgcdn.dev/Y44FUv.png",
    "thaiName": "นาย โซ อ่อง โก",
    "age": "41",
    "alienReferenceNumber": "2492102076092",
    "personalID": "6682190040831",
    "nationality": "เมียนมา",
    "workPermitNumber": "2100689040252",
    "birthDate": "19/02/1984",
    "เลขที่บนขวาใบเสร็จ": "2100680035243",
    "หมายเลขชำระเงิน": "IV680329/002361"
  },
  {
    "requestNumber": "WP-68-1011951",
    "englishName": "MR.SAN MIN OO",
    "profileImage": "https://s6.imgcdn.dev/Y44HVN.png",
    "thaiName": "นาย ซาน มิน อู",
    "age": "26",
    "alienReferenceNumber": "2492102076093",
    "personalID": "6682190040832",
    "nationality": "เมียนมา",
    "workPermitNumber": "2100689040253",
    "birthDate": "15/07/1999",
    "เลขที่บนขวาใบเสร็จ": "2100680035244",
    "หมายเลขชำระเงิน": "IV680329/002362"
  },
  {
    "requestNumber": "WP-68-1011952",
    "englishName": "MR.KYAW SAN TUN",
    "profileImage": "https://s6.imgcdn.dev/Y44Xoq.png",
    "thaiName": "นาย จอ ซาน ตุน",
    "age": "26",
    "alienReferenceNumber": "2492102076094",
    "personalID": "6682190040833",
    "nationality": "เมียนมา",
    "workPermitNumber": "2100689040254",
    "birthDate": "22/06/1999",
    "เลขที่บนขวาใบเสร็จ": "2100680035245",
    "หมายเลขชำระเงิน": "IV680329/002363"
  },
  {
    "requestNumber": "WP-68-1011953",
    "englishName": "MR.THU RA AUNG",
    "profileImage": "https://s6.imgcdn.dev/Y44EsB.png",
    "thaiName": "นาย ทู รา อ่อง",
    "age": "49",
    "alienReferenceNumber": "2492102076095",
    "personalID": "6682190040834",
    "nationality": "เมียนมา",
    "workPermitNumber": "2100689040255",
    "birthDate": "10/04/1976",
    "เลขที่บนขวาใบเสร็จ": "2100680035246",
    "หมายเลขชำระเงิน": "IV680329/002364"
  },
  {
    "requestNumber": "WP-68-1011954",
    "englishName": "MR.MAUNG LWIN",
    "profileImage": "https://s6.imgcdn.dev/Y4482u.png",
    "thaiName": "นาย เมาง ลวิน",
    "age": "31",
    "alienReferenceNumber": "2492102076096",
    "personalID": "6682190040835",
    "nationality": "เมียนมา",
    "workPermitNumber": "2100689040256",
    "birthDate": "15/07/1994",
    "เลขที่บนขวาใบเสร็จ": "2100680035247",
    "หมายเลขชำระเงิน": "IV680329/002365"
  },
  {
    "requestNumber": "WP-68-1011955",
    "englishName": "MR.TUN LWIN",
    "profileImage": "https://s6.imgcdn.dev/Y44JHL.png",
    "thaiName": "นาย ตุน ลวิน",
    "age": "25",
    "alienReferenceNumber": "2492102076097",
    "personalID": "6682190040836",
    "nationality": "เมียนมา",
    "workPermitNumber": "2100689040257",
    "birthDate": "08/08/1999",
    "เลขที่บนขวาใบเสร็จ": "2100680035248",
    "หมายเลขชำระเงิน": "IV680329/002366"
  },
  {
    "requestNumber": "WP-68-1011956",
    "englishName": "MR.SAW HAY PALU",
    "profileImage": "https://s6.imgcdn.dev/Y44pIa.png",
    "thaiName": "นาย ซอ เฮ ปาลู",
    "age": "22",
    "alienReferenceNumber": "2492102076098",
    "personalID": "6682190040837",
    "nationality": "เมียนมา",
    "workPermitNumber": "2100689040258",
    "birthDate": "08/08/2002",
    "เลขที่บนขวาใบเสร็จ": "2100680035249",
    "หมายเลขชำระเงิน": "IV680329/002367"
  },
  {
    "requestNumber": "WP-68-1011957",
    "englishName": "MR.SI WO CHAN",
    "profileImage": "https://s6.imgcdn.dev/Y4CDBw.png",
    "thaiName": "นาย ซี โว ชาน",
    "age": "21",
    "alienReferenceNumber": "2492102076099",
    "personalID": "6682190040838",
    "nationality": "เมียนมา",
    "workPermitNumber": "2100689040259",
    "birthDate": "19/12/2003",
    "เลขที่บนขวาใบเสร็จ": "2100680035250",
    "หมายเลขชำระเงิน": "IV680329/002368"
  },
  {
    "requestNumber": "WP-68-1011958",
    "englishName": "MR.TO NAING",
    "profileImage": "https://s6.imgcdn.dev/Y4CYLt.png",
    "thaiName": "นาย โต ไนง",
    "age": "26",
    "alienReferenceNumber": "2492102076100",
    "personalID": "6682190040839",
    "nationality": "เมียนมา",
    "workPermitNumber": "2100689040260",
    "birthDate": "15/08/1998",
    "เลขที่บนขวาใบเสร็จ": "2100680035251",
    "หมายเลขชำระเงิน": "IV680329/002369"
  },
  {
    "requestNumber": "WP-68-1011959",
    "englishName": "MR.KO NAING",
    "profileImage": "https://s6.imgcdn.dev/Y4Cj6T.png",
    "thaiName": "นาย โก ไนง",
    "age": "36",
    "alienReferenceNumber": "2492102076101",
    "personalID": "6682190040840",
    "nationality": "เมียนมา",
    "workPermitNumber": "2100689040261",
    "birthDate": "03/02/1989",
    "เลขที่บนขวาใบเสร็จ": "2100680035252",
    "หมายเลขชำระเงิน": "IV680329/002370"
  },
  {
    "requestNumber": "WP-68-1011960",
    "englishName": "MR.KYAW KYAW BO",
    "profileImage": "https://s6.imgcdn.dev/Y4CwlD.png",
    "thaiName": "นาย จอ จอ โบ",
    "age": "22",
    "alienReferenceNumber": "2492102076102",
    "personalID": "6682190040841",
    "nationality": "เมียนมา",
    "workPermitNumber": "2100689040262",
    "birthDate": "03/02/2003",
    "เลขที่บนขวาใบเสร็จ": "2100680035253",
    "หมายเลขชำระเงิน": "IV680329/002371"
  },
  {
    "requestNumber": "WP-68-1011961",
    "englishName": "MR.AUNG NAING WIN",
    "profileImage": "https://s6.imgcdn.dev/Y4C6V9.png",
    "thaiName": "นาย อ่อง ไนง วิน",
    "age": "39",
    "alienReferenceNumber": "2492102076103",
    "personalID": "6682190040842",
    "nationality": "เมียนมา",
    "workPermitNumber": "2100689040263",
    "birthDate": "14/7/1986",
    "เลขที่บนขวาใบเสร็จ": "2100680035254",
    "หมายเลขชำระเงิน": "IV680329/002372"
  },
  {
    "requestNumber": "WP-68-1011962",
    "englishName": "MR.SOE MOE",
    "profileImage": "https://s6.imgcdn.dev/Y4CMpy.png",
    "thaiName": "นาย โซ โม",
    "age": "35",
    "alienReferenceNumber": "2492102076104",
    "personalID": "6682190040843",
    "nationality": "เมียนมา",
    "workPermitNumber": "2100689040264",
    "birthDate": "06/07/1990",
    "เลขที่บนขวาใบเสร็จ": "2100680035255",
    "หมายเลขชำระเงิน": "IV680329/002373"
  },
  {
    "requestNumber": "WP-68-1011963",
    "englishName": "MR.MOE WAI",
    "profileImage": "https://s6.imgcdn.dev/Y4Cus8.png",
    "thaiName": "นาย โม ไว",
    "age": "19",
    "alienReferenceNumber": "2492102076105",
    "personalID": "6682190040844",
    "nationality": "เมียนมา",
    "workPermitNumber": "2100689040265",
    "birthDate": "18/08/2005",
    "เลขที่บนขวาใบเสร็จ": "2100680035256",
    "หมายเลขชำระเงิน": "IV680329/002374"
  },
  {
    "requestNumber": "WP-68-1011964",
    "englishName": "MR.TUN TUN NAING",
    "profileImage": "https://s6.imgcdn.dev/Y4CCXi.png",
    "thaiName": "นาย ตุน ตุน ไนง",
    "age": "46",
    "alienReferenceNumber": "2492102076106",
    "personalID": "6682190040845",
    "nationality": "เมียนมา",
    "workPermitNumber": "2100689040266",
    "birthDate": "07/06/1979",
    "เลขที่บนขวาใบเสร็จ": "2100680035257",
    "หมายเลขชำระเงิน": "IV680329/002375"
  },
  {
    "requestNumber": "WP-68-1011965",
    "englishName": "MR.AUNG KO OO",
    "profileImage": "https://s6.imgcdn.dev/Y4C422.png",
    "thaiName": "นาย อ่อง โก อู",
    "age": "33",
    "alienReferenceNumber": "2492102076107",
    "personalID": "6682190040846",
    "nationality": "เมียนมา",
    "workPermitNumber": "2100689040267",
    "birthDate": "03/06/1992",
    "เลขที่บนขวาใบเสร็จ": "2100680035258",
    "หมายเลขชำระเงิน": "IV680329/002376"
  },
  {
    "requestNumber": "WP-68-1011966",
    "englishName": "MR.KYAW THET NAING",
    "profileImage": "https://s6.imgcdn.dev/Y4CNIH.png",
    "thaiName": "นาย จอ เทต ไนง",
    "age": "20",
    "alienReferenceNumber": "2492102076108",
    "personalID": "6682190040847",
    "nationality": "เมียนมา",
    "workPermitNumber": "2100689040268",
    "birthDate": "13/06/2005",
    "เลขที่บนขวาใบเสร็จ": "2100680035259",
    "หมายเลขชำระเงิน": "IV680329/002377"
  },
  {
    "requestNumber": "WP-68-1011967",
    "englishName": "MR.YAR ZAR WIN",
    "profileImage": "https://s6.imgcdn.dev/Y4CQBS.png",
    "thaiName": "นาย ยา ซา วิน",
    "age": "25",
    "alienReferenceNumber": "2492102076109",
    "personalID": "6682190040848",
    "nationality": "เมียนมา",
    "workPermitNumber": "2100689040269",
    "birthDate": "24/04/2000",
    "เลขที่บนขวาใบเสร็จ": "2100680035260",
    "หมายเลขชำระเงิน": "IV680329/002378"
  },
  {
    "requestNumber": "WP-68-1011968",
    "englishName": "MR.THALE SU SAN",
    "profileImage": "https://s6.imgcdn.dev/Y4Cn6e.png",
    "thaiName": "นาย ทาเล สุ ซาน",
    "age": "22",
    "alienReferenceNumber": "2492102076110",
    "personalID": "6682190040849",
    "nationality": "เมียนมา",
    "workPermitNumber": "2100689040270",
    "birthDate": "04/02/2003",
    "เลขที่บนขวาใบเสร็จ": "2100680035261",
    "หมายเลขชำระเงิน": "IV680329/002379"
  },
  {
    "requestNumber": "WP-68-1011969",
    "englishName": "MRS.SOE SOE AYE",
    "profileImage": "https://s6.imgcdn.dev/Y4CibC.png",
    "thaiName": "นาง โซ โซ เอ",
    "age": "39",
    "alienReferenceNumber": "2492102076111",
    "personalID": "6682190040850",
    "nationality": "เมียนมา",
    "workPermitNumber": "2100689040271",
    "birthDate": "24/05/1986",
    "เลขที่บนขวาใบเสร็จ": "2100680035262",
    "หมายเลขชำระเงิน": "IV680329/002380"
  },
  {
    "requestNumber": "WP-68-1011970",
    "englishName": "MR.HLA MIN THANT",
    "profileImage": "https://s6.imgcdn.dev/Y4Csl0.png",
    "thaiName": "นาย หลา มิน ทันต์",
    "age": "32",
    "alienReferenceNumber": "2492102076112",
    "personalID": "6682190040851",
    "nationality": "เมียนมา",
    "workPermitNumber": "2100689040272",
    "birthDate": "04/10/1992",
    "เลขที่บนขวาใบเสร็จ": "2100680035263",
    "หมายเลขชำระเงิน": "IV680329/002381"
  },
  {
    "requestNumber": "WP-68-1011971",
    "englishName": "MR.THAN ZAW",
    "profileImage": "https://s6.imgcdn.dev/Y4CyfM.png",
    "thaiName": "นาย ธาน ซอ",
    "age": "38",
    "alienReferenceNumber": "2492102076113",
    "personalID": "6682190040852",
    "nationality": "เมียนมา",
    "workPermitNumber": "2100689040273",
    "birthDate": "05/12/1986",
    "เลขที่บนขวาใบเสร็จ": "2100680035264",
    "หมายเลขชำระเงิน": "IV680329/002382"
  },
  {
    "requestNumber": "WP-68-1011972",
    "englishName": "MR.HLAING SHWE",
    "profileImage": "https://s6.imgcdn.dev/Y4CPyl.png",
    "thaiName": "นาย หลาง สเว",
    "age": "29",
    "alienReferenceNumber": "2492102076114",
    "personalID": "6682190040853",
    "nationality": "เมียนมา",
    "workPermitNumber": "2100689040274",
    "birthDate": "25/05/1996",
    "เลขที่บนขวาใบเสร็จ": "2100680035265",
    "หมายเลขชำระเงิน": "IV680329/002383"
  },
  {
    "requestNumber": "WP-68-1011973",
    "englishName": "MR.WAI LIN",
    "profileImage": "https://s6.imgcdn.dev/Y4C5pd.png",
    "thaiName": "นาย ไว ลิน",
    "age": "47",
    "alienReferenceNumber": "2492102076115",
    "personalID": "6682190040854",
    "nationality": "เมียนมา",
    "workPermitNumber": "2100689040275",
    "birthDate": "19/07/1978",
    "เลขที่บนขวาใบเสร็จ": "2100680035266",
    "หมายเลขชำระเงิน": "IV680329/002384"
  },
  {
    "requestNumber": "WP-68-1011974",
    "englishName": "MR.MIN MIN SOE",
    "profileImage": "https://s6.imgcdn.dev/Y4CUXV.png",
    "thaiName": "นาย มิน มิน โซ",
    "age": "40",
    "alienReferenceNumber": "2492102076116",
    "personalID": "6682190040855",
    "nationality": "เมียนมา",
    "workPermitNumber": "2100689040276",
    "birthDate": "12/02/1985",
    "เลขที่บนขวาใบเสร็จ": "2100680035267",
    "หมายเลขชำระเงิน": "IV680329/002385"
  },
  {
    "requestNumber": "WP-68-1011975",
    "englishName": "MR.MYA MG",
    "profileImage": "https://s6.imgcdn.dev/Y4CTAh.png",
    "thaiName": "นาย มยา มก",
    "age": "49",
    "alienReferenceNumber": "2492102076117",
    "personalID": "6682190040856",
    "nationality": "เมียนมา",
    "workPermitNumber": "2100689040277",
    "birthDate": "01/05/1976",
    "เลขที่บนขวาใบเสร็จ": "2100680035268",
    "หมายเลขชำระเงิน": "IV680329/002386"
  },
  {
    "requestNumber": "WP-68-1011976",
    "englishName": "MR.MUNG NGL",
    "profileImage": "https://s6.imgcdn.dev/Y4CaBo.png",
    "thaiName": "นาย มุง เงล",
    "age": "39",
    "alienReferenceNumber": "2492102076118",
    "personalID": "6682190040857",
    "nationality": "เมียนมา",
    "workPermitNumber": "2100689040278",
    "birthDate": "20/09/1985",
    "เลขที่บนขวาใบเสร็จ": "2100680035269",
    "หมายเลขชำระเงิน": "IV680329/002387"
  },
  {
    "requestNumber": "WP-68-1011977",
    "englishName": "MR.AR KAR KYAW",
    "profileImage": "https://s6.imgcdn.dev/Y4CzNK.png",
    "thaiName": "นาย อา กา จอ",
    "age": "25",
    "alienReferenceNumber": "2492102076119",
    "personalID": "6682190040858",
    "nationality": "เมียนมา",
    "workPermitNumber": "2100689040279",
    "birthDate": "09/02/2000",
    "เลขที่บนขวาใบเสร็จ": "2100680035270",
    "หมายเลขชำระเงิน": "IV680329/002388"
  },
  {
    "requestNumber": "WP-68-1011978",
    "englishName": "MR.AUNG AUNG OO",
    "profileImage": "https://s6.imgcdn.dev/Y4C1bO.png",
    "thaiName": "นาย อ่อง อ่อง อู",
    "age": "25",
    "alienReferenceNumber": "2492102076120",
    "personalID": "6682190040859",
    "nationality": "เมียนมา",
    "workPermitNumber": "2100689040280",
    "birthDate": "12/10/1999",
    "เลขที่บนขวาใบเสร็จ": "2100680035271",
    "หมายเลขชำระเงิน": "IV680329/002389"
  },
  {
    "requestNumber": "WP-68-1011979",
    "englishName": "MR.BO BO",
    "profileImage": "https://s6.imgcdn.dev/Y4C7Mn.png",
    "thaiName": "นาย โบ โบ",
    "age": "24",
    "alienReferenceNumber": "2492102076121",
    "personalID": "6682190040860",
    "nationality": "เมียนมา",
    "workPermitNumber": "2100689040281",
    "birthDate": "03/07/2001",
    "เลขที่บนขวาใบเสร็จ": "2100680035272",
    "หมายเลขชำระเงิน": "IV680329/002390"
  },
  {
    "requestNumber": "WP-68-1011980",
    "englishName": "MR.HTET AUNG",
    "profileImage": "https://s6.imgcdn.dev/Y4CBlg.png",
    "thaiName": "นาย เทต อ่อง",
    "age": "23",
    "alienReferenceNumber": "2492102076122",
    "personalID": "6682190040861",
    "nationality": "เมียนมา",
    "workPermitNumber": "2100689040282",
    "birthDate": "29/12/2001",
    "เลขที่บนขวาใบเสร็จ": "2100680035273",
    "หมายเลขชำระเงิน": "IV680329/002391"
  },
  {
    "requestNumber": "WP-68-1011981",
    "englishName": "MR.KHUNG HTET ZAW",
    "profileImage": "https://s6.imgcdn.dev/Y4CGfv.png",
    "thaiName": "นาย คุง เทต ซอ",
    "age": "22",
    "alienReferenceNumber": "2492102076123",
    "personalID": "6682190040862",
    "nationality": "เมียนมา",
    "workPermitNumber": "2100689040283",
    "birthDate": "02/10/2002",
    "เลขที่บนขวาใบเสร็จ": "2100680035274",
    "หมายเลขชำระเงิน": "IV680329/002392"
  },
  {
    "requestNumber": "WP-68-1011982",
    "englishName": "MR.KO LATT",
    "profileImage": "https://s6.imgcdn.dev/Y4CrDN.png",
    "thaiName": "นาย โก ลัตต์",
    "age": "41",
    "alienReferenceNumber": "2492102076124",
    "personalID": "6682190040863",
    "nationality": "เมียนมา",
    "workPermitNumber": "2100689040284",
    "birthDate": "03/02/1984",
    "เลขที่บนขวาใบเสร็จ": "2100680035275",
    "หมายเลขชำระเงิน": "IV680329/002393"
  },
  {
    "requestNumber": "WP-68-1011983",
    "englishName": "MR.KUNG MYAMT HEIN",
    "profileImage": "https://s6.imgcdn.dev/Y4Cvyq.png",
    "thaiName": "นาย กุง มยัมต์ เฮน",
    "age": "23",
    "alienReferenceNumber": "2492102076125",
    "personalID": "6682190040864",
    "nationality": "เมียนมา",
    "workPermitNumber": "2100689040285",
    "birthDate": "09/05/2002",
    "เลขที่บนขวาใบเสร็จ": "2100680035276",
    "หมายเลขชำระเงิน": "IV680329/002394"
  },
  {
    "requestNumber": "WP-68-1011984",
    "englishName": "MR.KYAW MIN HTIKE",
    "profileImage": "https://s6.imgcdn.dev/Y4CxAB.png",
    "thaiName": "นาย จอ มิน ติเก",
    "age": "30",
    "alienReferenceNumber": "2492102076126",
    "personalID": "6682190040865",
    "nationality": "เมียนมา",
    "workPermitNumber": "2100689040286",
    "birthDate": "09/04/1995",
    "เลขที่บนขวาใบเสร็จ": "2100680035277",
    "หมายเลขชำระเงิน": "IV680329/002395"
  },
  {
    "requestNumber": "WP-68-1011985",
    "englishName": "MR.SOE THU",
    "profileImage": "https://s6.imgcdn.dev/Y4C2gu.png",
    "thaiName": "นาย โซ ทู",
    "age": "34",
    "alienReferenceNumber": "2492102076127",
    "personalID": "6682190040866",
    "nationality": "เมียนมา",
    "workPermitNumber": "2100689040287",
    "birthDate": "21/06/1991",
    "เลขที่บนขวาใบเสร็จ": "2100680035278",
    "หมายเลขชำระเงิน": "IV680329/002396"
  },
  {
    "requestNumber": "WP-68-1011986",
    "englishName": "MR.WAI LUN AUNG",
    "profileImage": "https://s6.imgcdn.dev/Y4CONL.png",
    "thaiName": "นาย ไว ลุน อ่อง",
    "age": "27",
    "alienReferenceNumber": "2492102076128",
    "personalID": "6682190040867",
    "nationality": "เมียนมา",
    "workPermitNumber": "2100689040288",
    "birthDate": "06/11/1997",
    "เลขที่บนขวาใบเสร็จ": "2100680035279",
    "หมายเลขชำระเงิน": "IV680329/002397"
  },
  {
    "requestNumber": "WP-68-1011974",
    "englishName": "MR. THAW ZIN HTET",
    "profileImage": "https://i.postimg.cc/PqF2N008/Screenshot-2025-07-18-16-01-39-419-com-kiwibrowser-browser.png",
    "thaiName": "นายตอ ซิน เท็ต",
    "age": "22",
    "alienReferenceNumber": "2492102076116",
    "personalID": "6682190040855",
    "nationality": "เมียนมา",
    "workPermitNumber": "2100689040276",
    "birthDate": "9/10/2002",
    "เลขที่บนขวาใบเสร็จ": "2100680035267",
    "หมายเลขชำระเงิน": "IV680329/002385"
  },
  {
    "requestNumber": "WP-68-1011975",
    "englishName": "MR. SAI TA KA LEIN",
    "profileImage": "https://i.postimg.cc/50SMVXYS/download-8-1.png",
    "thaiName": "นายไซ ตะ กะ เลน",
    "age": "26",
    "alienReferenceNumber": "2492102076117",
    "personalID": "6682190040856",
    "nationality": "เมียนมา",
    "workPermitNumber": "2100689040277",
    "birthDate": "26/3/1999",
    "เลขที่บนขวาใบเสร็จ": "2100680035268",
    "หมายเลขชำระเงิน": "IV680329/002386"
  },
  {
    "requestNumber": "WP-68-1011976",
    "englishName": "MR. THAN ZAW WIN",
    "profileImage": "https://i.postimg.cc/WbPSDGYS/download-9-2.png",
    "thaiName": "นายตาล ซอ วิน",
    "age": "38",
    "alienReferenceNumber": "2492102076118",
    "personalID": "6682190040857",
    "nationality": "เมียนมา",
    "workPermitNumber": "2100689040278",
    "birthDate": "9/8/1986",
    "เลขที่บนขวาใบเสร็จ": "2100680035269",
    "หมายเลขชำระเงิน": "IV680329/002387"
  },
  {
    "requestNumber": "WP-68-1011977",
    "englishName": "MR. KYAW ZIN OO",
    "profileImage": "https://i.postimg.cc/Fz0ZWzzj/download-8-2.png",
    "thaiName": "นายจอ ซิน อู",
    "age": "24",
    "alienReferenceNumber": "2492102076119",
    "personalID": "6682190040858",
    "nationality": "เมียนมา",
    "workPermitNumber": "2100689040279",
    "birthDate": "9/5/2001",
    "เลขที่บนขวาใบเสร็จ": "2100680035270",
    "หมายเลขชำระเงิน": "IV680329/002388"
  },
  {
    "requestNumber": "WP-68-1011978",
    "englishName": "MR. YE HTUT",
    "profileImage": "https://i.postimg.cc/4yv6v02P/download-7-2.png",
    "thaiName": "นายเย ทัต",
    "age": "20",
    "alienReferenceNumber": "2492102076120",
    "personalID": "6682190040859",
    "nationality": "เมียนมา",
    "workPermitNumber": "2100689040280",
    "birthDate": "19/6/2005",
    "เลขที่บนขวาใบเสร็จ": "2100680035271",
    "หมายเลขชำระเงิน": "IV680329/002389"
  },
  {
    "requestNumber": "WP-68-1011979",
    "englishName": "MR. ZAW ZAW MAUNG",
    "profileImage": "https://i.postimg.cc/j2Y67TcC/download-6-2.png",
    "thaiName": "นายซอ ซอ หม่อง",
    "age": "31",
    "alienReferenceNumber": "2492102076121",
    "personalID": "6682190040860",
    "nationality": "เมียนมา",
    "workPermitNumber": "2100689040281",
    "birthDate": "14/6/1994",
    "เลขที่บนขวาใบเสร็จ": "2100680035272",
    "หมายเลขชำระเงิน": "IV680329/002390"
  },
  {
    "requestNumber": "WP-68-1011980",
    "englishName": "MR. MYO ZAW THAN",
    "profileImage": "https://i.postimg.cc/mDHNkkQ0/download-5-2.png",
    "thaiName": "นายเมียว ซอ ตาล",
    "age": "38",
    "alienReferenceNumber": "2492102076122",
    "personalID": "6682190040861",
    "nationality": "เมียนมา",
    "workPermitNumber": "2100689040282",
    "birthDate": "15/4/1987",
    "เลขที่บนขวาใบเสร็จ": "2100680035273",
    "หมายเลขชำระเงิน": "IV680329/002391"
  },
  {
    "requestNumber": "WP-68-1011981",
    "englishName": "MR. MYO THET",
    "profileImage": "https://i.postimg.cc/hGw1KT7L/download-4-2.png",
    "thaiName": "นายเมียว เท็ต",
    "age": "30",
    "alienReferenceNumber": "2492102076123",
    "personalID": "6682190040862",
    "nationality": "เมียนมา",
    "workPermitNumber": "2100689040283",
    "birthDate": "7/9/1994",
    "เลขที่บนขวาใบเสร็จ": "2100680035274",
    "หมายเลขชำระเงิน": "IV680329/002392"
  },
  {
    "requestNumber": "WP-68-1011982",
    "englishName": "MR. LIN AUNG HTAY",
    "profileImage": "https://i.postimg.cc/wB3kK03x/download-3-4.png",
    "thaiName": "นายหลิน อ่อง เท",
    "age": "37",
    "alienReferenceNumber": "2492102076124",
    "personalID": "6682190040863",
    "nationality": "เมียนมา",
    "workPermitNumber": "2100689040284",
    "birthDate": "12/3/1988",
    "เลขที่บนขวาใบเสร็จ": "2100680035275",
    "หมายเลขชำระเงิน": "IV680329/002393"
  },
  {
    "requestNumber": "WP-68-1011983",
    "englishName": "MR. MYO THET TUN",
    "profileImage": "https://i.postimg.cc/6pMh1DW1/download-12-2.png",
    "thaiName": "นายเมียว เท็ต ตุน",
    "age": "36",
    "alienReferenceNumber": "2492102076125",
    "personalID": "6682190040864",
    "nationality": "เมียนมา",
    "workPermitNumber": "2100689040285",
    "birthDate": "13/8/1988",
    "เลขที่บนขวาใบเสร็จ": "2100680035276",
    "หมายเลขชำระเงิน": "IV680329/002394"
  },
  {
    "requestNumber": "WP-68-1011984",
    "englishName": "MR. NAY MOE HTET",
    "profileImage": "https://i.postimg.cc/59znN7g6/download-11-2.png",
    "thaiName": "นายเน โม เท็ต",
    "age": "19",
    "alienReferenceNumber": "2492102076126",
    "personalID": "6682190040865",
    "nationality": "เมียนมา",
    "workPermitNumber": "2100689040286",
    "birthDate": "3/2/2006",
    "เลขที่บนขวาใบเสร็จ": "2100680035277",
    "หมายเลขชำระเงิน": "IV680329/002395"
  },
  {
    "requestNumber": "WP-68-1011985",
    "englishName": "MR. KUNG MYINT",
    "profileImage": "https://i.postimg.cc/sgjcmVrh/download-13-1.png",
    "thaiName": "นายกัง มิน",
    "age": "25",
    "alienReferenceNumber": "2492102076127",
    "personalID": "6682190040866",
    "nationality": "เมียนมา",
    "workPermitNumber": "2100689040287",
    "birthDate": "1/2/2000",
    "เลขที่บนขวาใบเสร็จ": "2100680035278",
    "หมายเลขชำระเงิน": "IV680329/002396"
  },
  {
    "requestNumber": "WP-68-1011986",
    "englishName": "MR. PYAE PHO AUNG",
    "profileImage": "https://i.postimg.cc/3JC12kPh/download-14-1.png",
    "thaiName": "นายเปียว โพ อ่อง",
    "age": "29",
    "alienReferenceNumber": "2492102076128",
    "personalID": "6682190040867",
    "nationality": "เมียนมา",
    "workPermitNumber": "2100689040288",
    "birthDate": "23/3/1996",
    "เลขที่บนขวาใบเสร็จ": "2100680035279",
    "หมายเลขชำระเงิน": "IV680329/002397"
  },
  {
    "requestNumber": "WP-68-1011987",
    "englishName": "MR. TUN LWIN",
    "profileImage": "https://i.postimg.cc/9QX513dT/download-10-3.png",
    "thaiName": "นาย ตุน ลวิน",
    "age": "27",
    "alienReferenceNumber": "2492102076129",
    "personalID": "6682190040868",
    "nationality": "เมียนมา",
    "workPermitNumber": "2100689040289",
    "birthDate": "06/11/1997",
    "เลขที่บนขวาใบเสร็จ": "2100680035280",
    "หมายเลขชำระเงิน": "IV680329/002398"
  },
  {
    "requestNumber": "WP-68-1011988",
    "englishName": "MR. KYAW LIN HTWE",
    "profileImage": "https://i.postimg.cc/43mCkzFx/download-9-3.png",
    "thaiName": "นายจอ ลิน ทเว",
    "age": "26",
    "alienReferenceNumber": "2492102076130",
    "personalID": "6682190040869",
    "nationality": "เมียนมา",
    "workPermitNumber": "2100689040290",
    "birthDate": "1/2/1999",
    "เลขที่บนขวาใบเสร็จ": "2100680035281",
    "หมายเลขชำระเงิน": "IV680329/002399"
  },
  {
    "requestNumber": "WP-68-1011989",
    "englishName": "MR. ZIN MIN HTIKE",
    "profileImage": "https://i.postimg.cc/FRL21hvt/download-8-3.png",
    "thaiName": "นายซิน มิน ไทค์",
    "age": "22",
    "alienReferenceNumber": "2492102076131",
    "personalID": "6682190040870",
    "nationality": "เมียนมา",
    "workPermitNumber": "2100689040291",
    "birthDate": "4/2/2003",
    "เลขที่บนขวาใบเสร็จ": "2100680035282",
    "หมายเลขชำระเงิน": "IV680329/002400"
  },
  {
    "requestNumber": "WP-68-1011990",
    "englishName": "MR. KHING ZAW WIN",
    "profileImage": "https://i.postimg.cc/VNTxYd3B/download-5-3.png",
    "thaiName": "นายคิน ซอ วิน",
    "age": "19",
    "alienReferenceNumber": "2492102076132",
    "personalID": "6682190040871",
    "nationality": "เมียนมา",
    "workPermitNumber": "2100689040292",
    "birthDate": "10/2/2006",
    "เลขที่บนขวาใบเสร็จ": "2100680035283",
    "หมายเลขชำระเงิน": "IV680329/002401"
  },
  {
    "requestNumber": "WP-68-1011991",
    "englishName": "MR. AR KER SOE",
    "profileImage": "https://i.postimg.cc/Vk7yV7gh/download-4-3.png",
    "thaiName": "นายอา เคอ โซ",
    "age": "18",
    "alienReferenceNumber": "2492102076133",
    "personalID": "6682190040872",
    "nationality": "เมียนมา",
    "workPermitNumber": "2100689040293",
    "birthDate": "23/8/2006",
    "เลขที่บนขวาใบเสร็จ": "2100680035284",
    "หมายเลขชำระเงิน": "IV680329/002402"
  },
  {
    "requestNumber": "WP-68-1011992",
    "englishName": "MR. THET WAI RIN",
    "profileImage": "https://i.postimg.cc/rs27r7yD/download-3-5.png",
    "thaiName": "นายเต็ด ไว ริน",
    "age": "21",
    "alienReferenceNumber": "2492102076134",
    "personalID": "6682190040873",
    "nationality": "เมียนมา",
    "workPermitNumber": "2100689040294",
    "birthDate": "3/12/2003",
    "เลขที่บนขวาใบเสร็จ": "2100680035285",
    "หมายเลขชำระเงิน": "IV680329/002403"
  },
  {
    "requestNumber": "WP-68-1011993",
    "englishName": "MR. SI THU MAUNG",
    "profileImage": "https://i.postimg.cc/2ydMFT32/download-2-25.png",
    "thaiName": "นายซี ตู หม่อง",
    "age": "27",
    "alienReferenceNumber": "2492102076135",
    "personalID": "6682190040874",
    "nationality": "เมียนมา",
    "workPermitNumber": "2100689040295",
    "birthDate": "10/2/1998",
    "เลขที่บนขวาใบเสร็จ": "2100680035286",
    "หมายเลขชำระเงิน": "IV680329/002404"
  },
  {
    "requestNumber": "WP-68-1011994",
    "englishName": "MR. CHIT SAN MAUNG",
    "profileImage": "https://i.postimg.cc/VsXx8s4n/download-2-26.png",
    "thaiName": "นายชิต แสน หม่อง",
    "age": "24",
    "alienReferenceNumber": "2492102076136",
    "personalID": "6682190040875",
    "nationality": "เมียนมา",
    "workPermitNumber": "2100689040296",
    "birthDate": "12/10/2000",
    "เลขที่บนขวาใบเสร็จ": "2100680035287",
    "หมายเลขชำระเงิน": "IV680329/002405"
  },
  {
    "requestNumber": "WP-68-1011995",
    "englishName": "MR. THAN HTIKE",
    "profileImage": "https://i.postimg.cc/kX9kXrhZ/download-6-3.png",
    "thaiName": "นายตัน ไทค์",
    "age": "46",
    "alienReferenceNumber": "2492102076137",
    "personalID": "6682190040876",
    "nationality": "เมียนมา",
    "workPermitNumber": "2100689040297",
    "birthDate": "05 09 1978",
    "เลขที่บนขวาใบเสร็จ": "2100680035288",
    "หมายเลขชำระเงิน": "IV680329/002406"
  },
  {
    "requestNumber": "WP-68-1011996",
    "englishName": "MRS. HNIN NADI LIN",
    "profileImage": "https://i.postimg.cc/15Hb8Wkz/download-7-3.png",
    "thaiName": "นางสาวนิน นดี ลิน",
    "age": "26",
    "alienReferenceNumber": "2492102076138",
    "personalID": "6682190040877",
    "nationality": "เมียนมา",
    "workPermitNumber": "2100689040298",
    "birthDate": "17/5/1999",
    "เลขที่บนขวาใบเสร็จ": "2100680035289",
    "หมายเลขชำระเงิน": "IV680329/002407"
  }
]